<!DOCTYPE suite SYSTEM "http://testng.org/testng-1.0.dtd">

<suite name="Test Suite" preserve-order="true">


	<test name="TestNGTest1">
		<parameter name="browserName" value="chrome" />
		<classes>
		<class name="testCasesMain.AccountManagementCases" />
		</classes>
	</test>
	
		<test name="TestNGTest2">
		<parameter name="browserName" value="chrome" />
		<classes>
		<class name="testCasesMain.PropertyBookingGuest" />
		</classes>
	</test>
	
		<test name="TestNGTest3">
		<parameter name="browserName" value="chrome" />
		<classes>
		<class name="testCasesMain.PropertyBookingNewUser" />
		</classes>
	</test>
	
		<test name="TestNGTest4">
		<parameter name="browserName" value="chrome" />
		<classes>
		<class name="testCasesMain.PropertyBookingSignedinUser" />
		</classes>
	</test>
	
</suite>